lemma;count
machinelearning;124
iot;77
deeplearn;71
serverless;65
iiot;54
tensorflow;51
python rstat;43
reactj;41
nlp;39
nosql;35
bigdata;34
bigdaof;33
javascript;30
learn;29
linux;29
datascience;27
bigdata datascience;24
code;22
kubernete;21
amp;20
cloudcomput;20
coding;20
abdsc;19
ravikikan;19
analytic;18
globalai;17
book;16
cassandra;16
flutter;16
kafka;16
kubernete globalai;16
bigdato cloudcomput;15
flutter javascript;15
neuralnetwork;15
python;15
r python;15
be neuralnetwork;14
datascience dataanalytic cybersecurity bigdato;14
versus;14
automl;13
dataanalytic;13
big;12
free;12
hadoop spark nlp;12
iotpl;12
mathematics;12
accelerant;11
adaptive;11
artificialintelligence bigdaof cassandra kafka hadoop spark nlp;11
brilliant;11
bulk data;11
datascientist;11
fintech;11
flutter devcommunity smarthome;11
new;11
scrap;11
api;10
artificialintelligence;10
business profiles;10
email emailslist socialmedia;10
lead;10
sell;10
algorithm;9
artificial;9
booking;9
comprehensive;9
datascience datascientist;9
datascience statistic;9
daysofcode;9
googlemaps;9
houzz;9
tech emergingtech fintech rpa startup daysofcode artificialintelligence iot cloud robotic femtech;9
top;9
tripadvisor;9
webscrape;9
yell;9
yelp yellowpage;9
intelligence;8
know;8
like;8
machine;8
predictiveanalytic;8
regression spline mar;8
selfdrivingcar;8
techjunkienews;8
tutorials;8
aws;7
bigdato cloudcomput datasecurity;7
checkout cursortek;7
comparison;7
cover;7
datascience datamining;7
fleet;7
nlproc;7
plus;7
resource;7
step;7
textanalytic;7
best;6
bot;6
data science;6
designthinking;6
favorite;6
healthtech aistrategy datamining;6
nlp library;6
python java php automation;6
text;6
thing;6
umekyd;6
analyzing;5
data;5
de palabras;5
ebook;5
frecuentes;5
homecleaning;5
horario;5
huge;5
hype;5
include;5
linux serverless;5
lisis;5
minute;5
modern;5
nlu machinelearn;5
perfil;5
publicacione;5
app;4
bayesian;4
bodyshop;4
business categoire;4
category;4
challenge analytic rstat;4
checkout cursortek provide;4
contractor autorepair;4
datascientist free;4
deeper;4
dentist;4
doctor;4
emailslist;4
flooring plumbing;4
formula;4
get;4
help;4
homedecor;4
hotel restaurants;4
inference expertise;4
insurance related;4
just;4
landscraping;4
marketing;4
mathematics dataliteracy statisticalliteracy abdsc;4
ml cloudcomput nlp;4
mobile;4
model;4
picture;4
plumb;4
possibility;4
realestateagent realtor lawyer;4
roofer;4
technique;4
trainer;4
understanding machinelearning;4
way;4
acupuncture;3
amazing;3
bigdato cloudcomput datascience;3
bring;3
business;3
check;3
class;3
classification;3
collection;3
dataliteracy python datascientist;3
datamining cursortek;3
datasciencectrl bigdaof datascience statistic;3
datasharing;3
day;3
deepen;3
del;3
differ;3
drive;3
ebook learn;3
ebook page;3
emailmarketing;3
explore;3
fiverr;3
globalai bigdata;3
hub;3
indiedev data datascience;3
introduction;3
introductory;3
keras;3
linux tableau serverless;3
machinelearning bigdaof datascience datamining appliedmathematic;3
ml dl tech nlp data womenintech;3
multivariate;3
nlu;3
now;3
online;3
pdf;3
preparation;3
process;3
python deep;3
r abdsc;3
reinforcementlearn;3
rstat bigdata;3
scraping;3
scratch;3
selfstorage travelservice painter nailsalon massage yoga carpetclean;3
smm;3
socialmedia;3
socialmedia scrap datamining cursortek;3
survival guide;3
take;3
timesery datascientist abdsc;3
twit datascience;3
algorithm neuralnetwork;2
algorithm statistic linearalgebra;2
analytic application;2
analytic artificialintelligence bi;2
analytic python;2
appliedmathematic;2
appstore;2
bigdata digitaltransformation technology artificialintelligence ml python;2
bigdataanalytic data dataengineering datascience datainsight datascientist;2
bigdato;2
bulk data of;2
bus;2
calculus;2
carwash;2
cassandra kafka hadoop spark nlp;2
categoire;2
caterer gym;2
change datascience artificalintelligence;2
chiropractor hvac;2
classification amp regression;2
cloud;2
cnn;2
company;2
computerscience;2
computervision be mathematics;2
con;2
consult floor optometrist;2
create;2
data and;2
data mining assist;2
data prep;2
data structure;2
database algorithm;2
databreach;2
datascience dataanalytic cybersecurity bigdato datamin;2
datasciencectrl abdsc;2
datascientist algorithm abdsc;2
daycare furniturestore hotel restaurants;2
decision tree regression;2
deep;2
dentist lawyer hotel restaurants;2
doctor restaurants hotel python php java scrapy;2
download;2
downloadable;2
eco sector business news wale;2
ecommerce yoentrepreneu;2
email phone;2
explain;2
femtech coding;2
find;2
fiverr due;2
flooring;2
future;2
futureready;2
gig;2
google scraping;2
google scraping for;2
gpu;2
guide;2
hash;2
illustrate;2
image classification;2
innovation;2
interiordesign;2
listen;2
look;2
los;2
machinelearn datascience and;2
mariokarttour;2
massagetherapy;2
medicalspa;2
microsoft excel datascience;2
mit;2
ml tensorflow designnation;2
mortgage;2
mover apartment hairsalon electrician;2
must;2
nvidia nvidiabe;2
page pdf;2
pdf ebook;2
plumbing;2
por;2
pro;2
profiles;2
provide;2
python library;2
pythoncod;2
que;2
random forests;2
rapidsbe;2
rasbt bigdata datascience;2
read;2
realestateagent;2
realizamo;2
realtor;2
related;2
roofer flooring plumbing;2
roofing;2
scalable;2
search result;2
skincare;2
socialmedia scrap datamining;2
socialnetwork;2
special;2
statistic datamining;2
statistic datascience neuralnetwork;2
tech emergingtech fintech rpa startup daysofcode artificialintelligence iot cloud robotic;2
tech emergingtech fintech rpa startup daysofcode artificialintelligence iot cloud robotic femtech coding;2
tire cardealer;2
topic;2
tow;2
tree;2
tutorial;2
van;2
webscraping datamining;2
yellowpage;2
accuracy;1
algorithm datascientist;1
alphago zero;1
already;1
amlo;1
analytic artificialintelligence;1
aniversario;1
ante;1
anything;1
application bigdato machinelearn;1
article;1
artificalintelligence cassandra kafka hadoop spark nlp;1
artificialintelligence tensorflow;1
asfmexico;1
assistant;1
auditing;1
automation;1
automotive;1
backcast;1
bad;1
be algorithm;1
be application;1
be market mobileapp gamedev;1
be problem;1
become;1
bigdaof datascience algorithm predictiveanalytic;1
bigdato cloudcomput linux serverless;1
blockchain;1
book python library;1
boost;1
brande;1
brandvoice;1
broad;1
build;1
build intelligent;1
cant;1
cardanoa godfreyg digitalmktnghub catherineadenle epuujee fabriciosx;1
causal;1
cheat sheet;1
check out;1
cio;1
classification methods;1
clean;1
como;1
company culture;1
complete;1
computervision bigdaof datascience datamining machinelearning;1
concept;1
convolutional;1
course;1
covid;1
crow;1
cursortek;1
data artificialintelligence machinelearn;1
data dataengineering datascience datainsight;1
data entry work web;1
data mining ecommerce product list;1
data science process;1
data science process key;1
data science skill;1
data science team datascience;1
data techcentral datascience;1
dataanalytic ia;1
database;1
dataentry datamining bb lead generation webresearch amp admin;1
datamin algorithm;1
datamin datascience machinelearn;1
datamining machinelearning;1
datascience artificial;1
datascience be deeplearn;1
datascience datamining neuralnetwork;1
datascience job;1
datascience machinelearn;1
datascience tensorflow python;1
datascientist algorithm statistic;1
dataviz;1
depend;1
dev;1
deze;1
digital;1
discipline;1
due;1
email;1
emission technology;1
endodontist;1
etc;1
everyone;1
example;1
excel datascience;1
excellent;1
eyewear;1
felizjueve;1
felizlune;1
felizmarte;1
felizmiercole;1
felizvierne;1
financialization datascience;1
fix;1
flow;1
fool;1
forecast;1
forget;1
four;1
fun;1
gain;1
garage;1
genome;1
google;1
google cloud bigdato datascience;1
govt;1
graphdb;1
groupm new;1
growthhack;1
gt many;1
habits;1
hadoop;1
handyman;1
haopencve;1
hashtag;1
het;1
hire;1
housing building realtor barber;1
hub differ;1
ich;1
identify;1
importance;1
indemand;1
information datageek datamining;1
innovative;1
insight;1
iotcommunity iotslam;1
kdd;1
key;1
kind;1
kinderen;1
kirkdborne analytic;1
kwepp tomxero richwcampbell;1
leaker datascience;1
legend;1
light;1
linearalgebra abdsc;1
linkedin;1
manage;1
market;1
mathematics bigdata;1
mathematics datamining computervision datascience;1
mathematics datamining computervision datascience deeplearn;1
mathematics neuralnetwork;1
mathematics statistic linearalgebra;1
measurable;1
meetup climate crisis negative;1
ml dl tech nlp data womenintech datamining datascience;1
money;1
much;1
name;1
natalicio;1
ndez;1
network;1
node;1
nodexl;1
nonlinear;1
nvidias rapid;1
onze;1
opinan;1
opinaron;1
optimize;1
outsmart;1
outsource;1
page pdf ebook;1
para;1
pattern recognition datascience;1
per;1
phone;1
phone socialmedia cursortek;1
php java scrapy scraping;1
picture infographic;1
plz;1
podcast;1
predictable;1
privacy issue datascience;1
process mining;1
produce;1
professor mark bishop;1
promover;1
public;1
publicaciones;1
python coding book;1
python datamining database;1
python java php automation be cursortek;1
python rstat reactj;1
r python datamining;1
reactj python datascience dataviz datamining;1
realizamos;1
realizamos datamining anã;1
reasoning;1
restaurants hotel python;1
restaurants hotel python php java scrapy;1
retweet;1
reveal;1
richwcampbell;1
roofing flooring;1
rstat;1
rstat abdsc;1
ruin;1
scaling;1
semisupervise;1
service datascience datamining;1
seven;1
slide;1
sobre;1
social;1
sociallisten;1
socialmedia scraping datamining;1
sociopath;1
solve;1
source;1
statistic book;1
statistic datascience algorithm;1
statistic foundation;1
still;1
stop;1
street talk episode;1
structure;1
stupid;1
succeed;1
supervise;1
support service;1
sustainable;1
synthetic;1
tech;1
techjunkienew;1
techjunkienews anticapitalist;1
techjunkienews apex;1
techjunkienews council post today market;1
techjunkienews gab statement;1
techjunkienews pattern recognition;1
techjunkienews reason;1
technology research security education;1
tegen;1
textmining;1
thank;1
thejagmeetsingh;1
time;1
time kaggle grandmasterðÿ;1
time series;1
timesery;1
title;1
tool;1
total;1
transform;1
trend;1
trick;1
tweet;1
twit datascience felizdomingo dataanalytic;1
twit datascience felizmiercole;1
type;1
understand;1
unsupervised;1
usuarios;1
vacuna;1
value;1
variable ie;1
veterinarians nutritionist physicaltherapy;1
virtual;1
visit;1
way ai;1
way cio;1
webinar;1
webscrap;1
website;1
weekend bigdato;1
welke;1
well;1
win;1
world first;1
xico;1
yosu;1
